{
  "children": [
    {
      "outgoing": [
        {
          "resourceId": "flow1"
        }
      ],
      "properties": {
        "documentation": "",
        "executionlisteners": "",
        "formproperties": "",
        "initiator": "",
        "name": ""
      },
      "resourceId": "start"
    },
    {
      "outgoing": [
        {
          "resourceId": "sid-AA1205FD-63BD-47BA-9FB3-AA9F7C1E31F0"
        }
      ],
      "properties": {
        "asynchronousdefinition": "Yes",
        "documentation": "This is a test documentation field",
        "duedatedefinition": "2012-11-01",
        "exclusivedefinition": "No",
        "formkeydefinition": "testKey",
        "categorydefinition": "defaultCategory",
        "formproperties": {
          "formProperties": [
            {
              "expression": "${expression}",
              "id": "formId",
              "name": "formName",
              "type": "string",
              "variable": "variable"
            },
            {
              "expression": "",
              "id": "formId2",
              "name": "anotherName",
              "type": "long",
              "variable": ""
            }
          ],
          "totalCount": 2
        },
        "isforcompensation": "false",
        "looptype": "None",
        "name": "User task",
        "prioritydefinition": "40",
        "tasklisteners": {
          "taskListeners": [
            {
              "event": "create",
              "className": "org.test.TestClass",
              "expression": "",
              "delegateExpression": "",
              "fields": [
                {
                  "name": "testField",
                  "stringValue": "test",
                  "expression": ""
                },
                {
                  "name": "testField2",
                  "stringValue": "",
                  "expression": "${expression}"
                }
              ]
            },
            {
              "event": "assignment",
              "className": "",
              "expression": "${someExpression}",
              "delegateExpression": "",
              "fields": "undefined"
            },
            {
              "event": "complete",
              "className": "",
              "expression": "",
              "delegateExpression": "${someDelegateExpression}",
              "fields": "undefined"
            }
          ]
        },
        "usertaskassignment": {
          "assignment": {
            "assignee": "kermit",
            "owner": "gonzo",
            "candidateUsers": [
              {
                "value": "kermit"
              },
              {
                "value": "fozzie"
              }
            ],
            "candidateGroups": [
              {
                "value": "management"
              },
              {
                "value": "sales"
              }
            ]
          }
        }
      },
      "resourceId": "usertask"
    },
    {
      "outgoing": [
        {
          "resourceId": "usertask"
        }
      ],
      "properties": {
        "conditionalflow": "None",
        "conditionsequenceflow": "",
        "defaultflow": "None",
        "documentation": "",
        "name": ""
      },
      "resourceId": "flow1",
      "stencil": {
        "id": "SequenceFlow"
      },
      "target": {
        "resourceId": "usertask"
      }
    },
    {
      "outgoing": [],
      "properties": {
        "documentation": "",
        "executionlisteners": "",
        "name": ""
      },
      "resourceId": "sid-7C003C2A-266E-4C30-9309-06BA6F9DD527",
      "stencil": {
        "id": "EndNoneEvent"
      }
    },
    {
      "outgoing": [
        {
          "resourceId": "sid-7C003C2A-266E-4C30-9309-06BA6F9DD527"
        }
      ],
      "properties": {
        "conditionalflow": "None",
        "conditionsequenceflow": "",
        "defaultflow": "None",
        "documentation": "",
        "name": ""
      },
      "resourceId": "sid-AA1205FD-63BD-47BA-9FB3-AA9F7C1E31F0",
      "target": {
        "resourceId": "sid-7C003C2A-266E-4C30-9309-06BA6F9DD527"
      }
    }
  ],
  "properties": {
    "documentation": "",
    "executionlisteners": "",
    "name": "workflow1",
    "process_author": "",
    "process_id": "process1",
    "process_namespace": "http://www.activiti.org/processdef",
    "process_version": "v1"
  },
  "resourceId": "workflow1"
}